"timestamp","id","name","sale_desc","SKU","pre_price_text","sale_price","post_price_text","regular_price","brand","start_date","end_date","category","image_url"
"2026-09-30T00:32:36.581427","1042839890","RXBAR","","","","5.0","","","RxBars","2026-09-30","2026-10-13","Snacks","http://f.wishabi.net/page_items/435051300/1790134529/extra_large.jpg"
"2026-09-30T00:32:36.581442","1042838842","Clip. Shop. Save","","","","","","","","2026-09-30","2026-10-06","Other","http://f.wishabi.net/page_items/435051180/1790134531/extra_large.jpg"
"2026-09-30T00:32:36.581446","1042838778","Red Bull","","","","23.99","","","Red Bull","2026-09-30","2026-10-06","Beverages","http://f.wishabi.net/page_items/435051228/1790134530/extra_large.jpg"
"2026-09-30T00:32:36.581449","1042833275","Signature SELECT® Soup","","","","5.99","","","Signature SELECT®","2026-09-30","2026-10-06","Pantry","http://f.wishabi.net/page_items/435051105/1790134526/extra_large.jpg"
"2026-09-30T00:32:36.581453","1042840048","Baby Club Savings","","","","","","","","2026-09-30","2026-10-06","Other","http://f.wishabi.net/page_items/435051335/1790134555/extra_large.jpg"
"2026-09-30T00:32:36.581456","1042833217","Oscar Mayer Basic Lunchables","","","","1.99","","","Oscar Mayer","2026-09-30","2026-10-06","Deli & Prepared Foods","http://f.wishabi.net/page_items/435051091/1790134514/extra_large.jpg"
"2026-09-30T00:32:36.581459","1042833277","Prego Pasta Sauce","","","","1.99","","","Prego","2026-09-30","2026-10-06","Pantry","http://f.wishabi.net/page_items/435051106/1790134527/extra_large.jpg"
"2026-09-30T00:32:36.581467","1042831364","Lucerne® Sliced, Chunk or Shredded Cheese","","","","6.99","","","Lucerne®","2026-09-30","2026-10-06","Dairy & Eggs","http://f.wishabi.net/page_items/435050910/1790134513/extra_large.jpg"
"2026-09-30T00:32:36.581472","1042831345","Mango, Eggplant, Cucumber, Red, Orange, Yellow or Green Bell Pepper","","","","0.99","","","","2026-09-30","2026-10-06","Produce","http://f.wishabi.net/page_items/435050906/1790134509/extra_large.jpg"
"2026-09-30T00:32:36.581476","1042831382","Fresh Atlantic Salmon Whole or Half Fillet","","","","7.99","","","","2026-09-30","2026-10-06","Meat & Seafood","http://f.wishabi.net/page_items/435050914/1790134517/extra_large.jpg"
"2026-09-30T00:32:36.581479","1042838755","Coors or Bud 30-pack, 12-oz. Michelob 24-pack, 12-oz. Modelo or Pacifico 18-pack, 12-oz.","","","","23.99","","","Coors | Bud | Michelob | Modelo | Pacifico","2026-09-30","2026-10-06","Beverages","http://f.wishabi.net/page_items/435051235/1790134533/extra_large.jpg"
"2026-09-30T00:32:36.581483","1042838748","Pomegranate","","","","2.99","","","","2026-09-30","2026-10-06","Produce","http://f.wishabi.net/page_items/435051234/1790134533/extra_large.jpg"
"2026-09-30T00:32:36.581486","1042838813","Mondrian Roses","","","","5.0","","","","2026-10-02","2026-10-02","Floral","http://f.wishabi.net/page_items/435051168/1790134522/extra_large.jpg"
"2026-09-30T00:32:36.581489","1042838898","Single Bagel or Donut","","","","5.0","","","","2026-10-02","2026-10-02","Bakery","http://f.wishabi.net/page_items/435051166/1790134521/extra_large.jpg"
"2026-09-30T00:32:36.581491","1042838919","Barefoot Cellars","","","","5.0","","","Barefoot","2026-10-02","2026-10-02","Beverages","http://f.wishabi.net/page_items/435051384/1790134535/extra_large.jpg"
"2026-09-30T00:32:36.581493","1042838910","Pompeian Extra Virgin Olive Oil","","","","5.0","","","Pompeian","2026-10-02","2026-10-02","Pantry","http://f.wishabi.net/page_items/435051380/1790134532/extra_large.jpg"
"2026-09-30T00:32:36.581496","1042838912","Utz, Tim's, Hawaiian or Cape Cod","","","","5.0","","","Utz | Tim's | Hawaiian | Cape Cod","2026-10-02","2026-10-02","Snacks","http://f.wishabi.net/page_items/435051220/1790134530/extra_large.jpg"
"2026-09-30T00:32:36.581499","1042839606","Challenge Spreadable Butter","","","","3.49","","","Challenge Butter","2026-09-30","2026-10-06","Dairy & Eggs","http://f.wishabi.net/page_items/435051240/1790134519/extra_large.jpg"
"2026-09-30T00:32:36.581504","1042839615","Frigo String or Meat and Cheese Sticks","","","","3.99","","","Frigo","2026-09-30","2026-10-06","Dairy & Eggs","http://f.wishabi.net/page_items/435051241/1790134520/extra_large.jpg"
"2026-09-30T00:32:36.581507","1042839883","CLIF BUILDERS Bar","","","","5.0","","","Clif Bar","2026-09-30","2026-10-06","Snacks","http://f.wishabi.net/page_items/435051299/1790134528/extra_large.jpg"
"2026-09-30T00:32:36.581509","1042839872","think! Bar","","","","4.0","","","think!","2026-09-30","2026-10-06","Snacks","http://f.wishabi.net/page_items/435051296/1790134526/extra_large.jpg"
"2026-09-30T00:32:36.581515","1042839973","Handi-foil Pans","","","","","","","Handi- Foil","2026-09-30","2026-10-13","Household","http://f.wishabi.net/page_items/435051316/1790134541/extra_large.jpg"
"2026-09-30T00:32:36.581517","1042839959","SC Johnson STEM Light Insect Trap","","","","17.99","","","SC Johnson","2026-09-30","2026-10-13","Household","http://f.wishabi.net/page_items/435051314/1790134539/extra_large.jpg"
"2026-09-30T00:32:36.581519","1042840045","Airborne","","","","9.99","","","Airborne","2026-09-30","2026-10-06","Health & Wellness","http://f.wishabi.net/page_items/435051333/1790134553/extra_large.jpg"
"2026-09-30T00:32:36.581522","1042839913","Lighting or Carving Tools","","","","","","","","2026-09-30","2026-10-13","Household","http://f.wishabi.net/page_items/435051305/1790134533/extra_large.jpg"
"2026-09-30T00:32:36.581524","1042839921","Mars Halloween Fun Size Bag","","","","5.99","","","Mars","2026-09-30","2026-10-06","Snacks","http://f.wishabi.net/page_items/435051307/1790134534/extra_large.jpg"
"2026-09-30T00:32:36.581526","1042838803","Sweet Corn","","","","5.0","","","","2026-10-02","2026-10-02","Produce","http://f.wishabi.net/page_items/435051158/1790134515/extra_large.jpg"
"2026-09-30T00:32:36.581529","1042831414","Coca-Cola 8-pack, 12-oz. bottles or 12-pack, 12-oz. cans. vitaminwater 6-pack, 16.9-oz. Powerade 8-pack, 20-oz. Selected varieties. smartwater 6-pack, 16.9-oz.","","","","","","","Coca-Cola | vitaminwater | Powerade | smartwater","2026-09-30","2026-10-06","Beverages","http://f.wishabi.net/page_items/435050921/1790134523/extra_large.jpg"
"2026-09-30T00:32:36.581531","1042838877","Buitoni Family Size Filled Pasta 20-oz. Sauce 11 to 15-oz.","","","","5.0","","","Buitoni","2026-10-02","2026-10-02","Deli & Prepared Foods","http://f.wishabi.net/page_items/435051174/1790134526/extra_large.jpg"
"2026-09-30T00:32:36.581533","1042833801","NatureSweet Organics Baby Cukes","","","","3.99","","","Nature Sweet","2026-09-30","2026-10-06","Produce","http://f.wishabi.net/page_items/435051012/1790134518/extra_large.jpg"
"2026-09-30T00:32:36.581536","1042838862","Lindt Chocolate Truffles","","","","5.99","","","Lindt","2026-09-30","2026-10-06","Snacks","http://f.wishabi.net/page_items/435051169/1790134523/extra_large.jpg"
"2026-09-30T00:32:36.581540","1042839632","Chicken Breast Bites","","","","4.99","","","","2026-09-30","2026-10-06","Meat & Seafood","http://f.wishabi.net/page_items/435051247/1790134524/extra_large.jpg"
"2026-09-30T00:32:36.581542","1042839646","Blue Diamond Almondmilk","","","","3.99","","","Blue Diamond","2026-09-30","2026-10-06","Dairy & Eggs","http://f.wishabi.net/page_items/435051251/1790134526/extra_large.jpg"
"2026-09-30T00:32:36.581544","1042839963","Halloween Paper Goods","","","","5.0","","","","2026-09-30","2026-10-06","Household","http://f.wishabi.net/page_items/435051315/1790134540/extra_large.jpg"
"2026-09-30T00:32:36.581547","1042840032","MiraLax Laxative Powder","","","","10.99","","","MiraLAX","2026-09-30","2026-10-13","Health & Wellness","http://f.wishabi.net/page_items/435051330/1790134551/extra_large.jpg"
"2026-09-30T00:32:36.581549","1042840069","Huggies Giga Diapers","","","","","","","Huggies","2026-09-30","2026-10-13","Personal Care","http://f.wishabi.net/page_items/435051337/1790134556/extra_large.jpg"
"2026-09-30T00:32:36.581551","1042831410","Thomas' Bagels, English Muffins or Swirl Bread","","","","2.99","","","Thomas'","2026-09-30","2026-10-06","Bakery","http://f.wishabi.net/page_items/435050917/1790134519/extra_large.jpg"
"2026-09-30T00:32:36.581555","1042838760","Corona or Sierra Nevada 12-pack, 12-oz. Selected varieties. Guinness 8-pack, 14.9-oz.","","","","16.99","","","Corona | Sierra Nevada | Guinness","2026-09-30","2026-10-06","Beverages","http://f.wishabi.net/page_items/435051237/1790134535/extra_large.jpg"
"2026-09-30T00:32:36.581557","1042838827","Value Corner® Bath Tissue 12-Rolls. Paper Towels 6-Rolls.","","","","5.0","","","Value Corner®","2026-10-02","2026-10-02","Household","http://f.wishabi.net/page_items/435051157/1790134514/extra_large.jpg"
"2026-09-30T00:32:36.581559","1042838859","$10 off when you spend $25+ on participating items","","","","","","","","2026-09-30","2026-10-06","Other","http://f.wishabi.net/page_items/435118843/1790134531/extra_large.jpg"
"2026-09-30T00:32:36.581562","1042831419","USDA Choice Beef Chuck Short or Flanken Style Ribs","","","","7.99","","","","2026-09-30","2026-10-06","Meat & Seafood","http://f.wishabi.net/page_items/435050920/1790134522/extra_large.jpg"
"2026-09-30T00:32:36.581566","1042833297","Red Baron Pizza","","","","4.99","","","Red Baron","2026-09-30","2026-10-06","Frozen","http://f.wishabi.net/page_items/435051109/1790134529/extra_large.jpg"
"2026-09-30T00:32:36.581568","1042833802","Primo Taglio® Classic Swiss","","","","8.99","","","Primo Taglio®","2026-09-30","2026-10-06","Deli & Prepared Foods","http://f.wishabi.net/page_items/435051010/1790134517/extra_large.jpg"
"2026-09-30T00:32:36.581570","1042833840","The Rustik Oven Bread","","","","4.99","","","The Rustik Oven","2026-09-30","2026-12-29","Bakery","http://f.wishabi.net/page_items/435051001/1790134510/extra_large.jpg"
"2026-09-30T00:32:36.581573","1042833843","ready2heat Entrée Meal","","","","9.49","","","","2026-09-30","2026-10-06","Deli & Prepared Foods","http://f.wishabi.net/page_items/435051008/1790134515/extra_large.jpg"
"2026-09-30T00:32:36.581575","1042833855","Cream Pie","","","","13.99","","","","2026-09-30","2026-10-06","Bakery","http://f.wishabi.net/page_items/435051009/1790134516/extra_large.jpg"
"2026-09-30T00:32:36.581577","1042831391","Doritos, Ruffles, SunChips or PopCorners","","","","","","","Doritos | Ruffles | SunChips | PopCorners","2026-09-30","2026-10-06","Snacks","http://f.wishabi.net/page_items/435050912/1790134515/extra_large.jpg"
"2026-09-30T00:32:36.581580","1042831392","Ritz Crackers 8.8 to 13.7-oz. Nabisco Snack Crackers 3.5 to 9.1-oz. Chips Ahoy! Cookies 9.5 to 13-oz.","","","","1.99","","","","2026-09-30","2026-10-06","Snacks","http://f.wishabi.net/page_items/435050916/1790134518/extra_large.jpg"
"2026-09-30T00:32:36.581582","1042831423","Marie Callender's Meal 11.5 to 14-oz. Pot Pie 14 to 15-oz. Healthy Choice Simply Steamers 9 to 10-oz.","","","","7.0","","","Marie Callender's | Healthy Choice","2026-09-30","2026-10-06","Frozen","http://f.wishabi.net/page_items/435050919/1790134521/extra_large.jpg"
"2026-09-30T00:32:36.581584","1042833239","Galbani Mozzarella or Ricotta Cheese","","","","4.99","","","Galbani","2026-09-30","2026-10-06","Dairy & Eggs","http://f.wishabi.net/page_items/435051095/1790134518/extra_large.jpg"
"2026-09-30T00:32:36.581587","1042833881","Chef's Counter™ Marinated Tri Tip Roast","","","","12.99","","","Chef's Counter","2026-09-30","2026-10-06","Meat & Seafood","http://f.wishabi.net/page_items/435051018/1790134522/extra_large.jpg"
"2026-09-30T00:32:36.581590","1042833925","Signature SELECT® Sunflowers","","","","7.99","","","Signature SELECT®","2026-09-30","2026-10-06","Floral","http://f.wishabi.net/page_items/435051029/1790134531/extra_large.jpg"
"2026-09-30T00:32:36.581593","1042838879","Kellogg's Cereal","","","","1.99","","","Kellogg's","2026-09-30","2026-10-06","Pantry","http://f.wishabi.net/page_items/435051177/1790134528/extra_large.jpg"
"2026-09-30T00:32:36.581597","1042838903","Boneless All American Footlong Sandwich","","","","5.0","","","","2026-10-02","2026-10-02","Deli & Prepared Foods","http://f.wishabi.net/page_items/435051179/1790134530/extra_large.jpg"
"2026-09-30T00:32:36.581599","1042839626","Red Barn Butter","","","","3.99","","","Red Barn","2026-09-30","2026-10-06","Dairy & Eggs","http://f.wishabi.net/page_items/435051245/1790134523/extra_large.jpg"
"2026-09-30T00:32:36.581601","1042839631","De Cecco Pasta","","","","6.0","","","DeCecco","2026-09-30","2026-10-06","Pantry","http://f.wishabi.net/page_items/435051246/1790134523/extra_large.jpg"
"2026-09-30T00:32:36.581604","1042831349","Foster Farms Simply Raised Boneless Skinless Chicken Breasts, Thin Sliced or Tenders","","","","","","","Foster Farms","2026-09-30","2026-10-06","Meat & Seafood","http://f.wishabi.net/page_items/435050907/1790134510/extra_large.jpg"
"2026-09-30T00:32:36.581606","1042831361","Fresh Express Salad Kit","","","","5.0","","","Fresh Express","2026-09-30","2026-10-06","Produce","http://f.wishabi.net/page_items/435050909/1790134512/extra_large.jpg"
"2026-09-30T00:32:36.581610","1042833191","Nature's Own Sandwich Bread","","","","2.99","","","Nature's Own","2026-09-30","2026-10-06","Bakery","http://f.wishabi.net/page_items/435051085/1790134510/extra_large.jpg"
"2026-09-30T00:32:36.581612","1042831426","8-PIECE FRIED OR ROASTED CHICKEN","","","","5.99","","","","2026-10-05","2026-10-05","Deli & Prepared Foods","http://f.wishabi.net/page_items/435050922/1790134524/extra_large.jpg"
"2026-09-30T00:32:36.581614","1042831372","Signature SELECT® Boneless Pork Top Loin Chops Mega Pack","","","","2.99","","","Signature SELECT®","2026-09-30","2026-10-06","Meat & Seafood","http://f.wishabi.net/page_items/435050913/1790134516/extra_large.jpg"
"2026-09-30T00:32:36.581618","1042831387","Peet's Coffee 10 to 10.5-oz. Bag. 10-ct. Single Serve Pods or 10-ct. Capsules. Donut Shop Coffee 10-ct. K-Cups","","","","7.99","","","Peet's | Donut Shop","2026-09-30","2026-10-06","Beverages","http://f.wishabi.net/page_items/435050915/1790134517/extra_large.jpg"
"2026-09-30T00:32:36.581620","1042833196","General Mills Family Size Cereal 15 to 24-oz. Nature Valley Protein Bars 5-ct.","","","","3.99","","","General Mills | Nature Valley","2026-09-30","2026-10-06","Snacks","http://f.wishabi.net/page_items/435051087/1790134511/extra_large.jpg"
"2026-09-30T00:32:36.581623","1042831374","Campbell's Chunky Soup","","","","","","","Campbell's","2026-09-30","2026-10-06","Pantry","http://f.wishabi.net/page_items/435050911/1790134514/extra_large.jpg"
"2026-09-30T00:32:36.581625","1042838805","Waterfront Bistro® Large Raw Shrimp or Peeled & Deveined Large Shrimp","","","","5.0","","","WATERFRONT BISTRO®","2026-10-02","2026-10-02","Meat & Seafood","http://f.wishabi.net/page_items/435051156/1790134514/extra_large.jpg"
"2026-09-30T00:32:36.581627","1042838847","Signature SELECT® Pork Shoulder Country Style Ribs or Blade Steak","","","","5.0","","","Signature SELECT®","2026-10-02","2026-10-02","Meat & Seafood","http://f.wishabi.net/page_items/435051178/1790134529/extra_large.jpg"
"2026-09-30T00:32:36.581630","1042831415","High Noon 8-pack, 355-ml. cans. Tito's or Cazadores 750-ml.","","","","14.99","","","High Noon | Tito's | Cazadores","2026-09-30","2026-10-06","Beverages","http://f.wishabi.net/page_items/435050918/1790134520/extra_large.jpg"
"2026-09-30T00:32:36.581632","1042833225","Tide Laundry Detergent","","","","16.99","","","Tide","2026-09-30","2026-10-06","Household","http://f.wishabi.net/page_items/435051092/1790134515/extra_large.jpg"
"2026-09-30T00:32:36.581634","1042833867","Simple Joys Sliced Loaf Cake","","","","6.0","","","Simple Joys","2026-09-30","2026-10-06","Bakery","http://f.wishabi.net/page_items/435051015/1790134520/extra_large.jpg"
"2026-09-30T00:32:36.581638","1042838816","Vital Farms Pasture-Raised Eggs","","","","7.99","","","Vital Farms","2026-09-30","2026-10-06","Dairy & Eggs","http://f.wishabi.net/page_items/435051162/1790134518/extra_large.jpg"
"2026-09-30T00:32:36.581641","1042840031","Earth's Best Organic Snacks","","","","5.0","","","Earth's Best Organic","2026-09-30","2026-10-13","Snacks","http://f.wishabi.net/page_items/435051331/1790134552/extra_large.jpg"
"2026-09-30T00:32:36.581645","1042839951","Signature SELECT® Food Storage","","","","7.0","","","Signature SELECT®","2026-09-30","2026-10-13","Household","http://f.wishabi.net/page_items/435051311/1790134537/extra_large.jpg"
"2026-09-30T00:32:36.581647","1042839891","Halloween Decorations","","","","","","","","2026-09-30","2026-10-13","Household","http://f.wishabi.net/page_items/435051301/1790134530/extra_large.jpg"
"2026-09-30T00:32:36.581650","1042839933","Russell Stover Pumpkin","","","","5.0","","","Russell Stover","2026-09-30","2026-10-13","Snacks","http://f.wishabi.net/page_items/435051308/1790134535/extra_large.jpg"
"2026-09-30T00:32:36.581652","1042839939","Mucinex Fast Max","","","","18.99","","","Mucinex","2026-09-30","2026-10-06","Health & Wellness","http://f.wishabi.net/page_items/435051309/1790134536/extra_large.jpg"
"2026-09-30T00:32:36.581654","1042839994","Mars Asssorted Halloween Bag","","","","15.99","","","Mars","2026-09-30","2026-10-06","Snacks","http://f.wishabi.net/page_items/435051323/1790134546/extra_large.jpg"
"2026-09-30T00:32:36.581658","1042839866","KIND Bars","","","","5.99","","","Kind","2026-09-30","2026-10-06","Snacks","http://f.wishabi.net/page_items/435051294/1790134524/extra_large.jpg"
"2026-09-30T00:32:36.581661","1042839876","Boost High Protein Shakes","","","","12.99","","","Boost","2026-09-30","2026-10-06","Health & Wellness","http://f.wishabi.net/page_items/435051297/1790134527/extra_large.jpg"
"2026-09-30T00:32:36.581663","1042839877","5-hour Energy Shot","","","","6.0","","","5 Hour Energy","2026-09-30","2026-10-13","Beverages","http://f.wishabi.net/page_items/435051298/1790134527/extra_large.jpg"
"2026-09-30T00:32:36.581665","1042839649","Gatorade","","","","12.99","","","Gatorade","2026-09-30","2026-10-06","Beverages","http://f.wishabi.net/page_items/435051254/1790134528/extra_large.jpg"
"2026-09-30T00:32:36.581668","1042838771","Broccoli Crowns","","","","2.99","","","","2026-09-30","2026-10-06","Produce","http://f.wishabi.net/page_items/435051238/1790134536/extra_large.jpg"
"2026-09-30T00:32:36.581672","1042833914","Signature SELECT® Assorted Pork Loin Chops","","","","3.99","","","Signature SELECT®","2026-09-30","2026-10-06","Meat & Seafood","http://f.wishabi.net/page_items/435051034/1790134535/extra_large.jpg"
"2026-09-30T00:32:36.581675","1042833915","Large Navel Oranges","","","","1.69","","","","2026-09-30","2026-10-06","Produce","http://f.wishabi.net/page_items/435051033/1790134534/extra_large.jpg"
"2026-09-30T00:32:36.581677","1042840016","Brach's Classic Candy Corn","","","","7.0","","","Brach's","2026-09-30","2026-10-06","Snacks","http://f.wishabi.net/page_items/435051325/1790134547/extra_large.jpg"
"2026-09-30T00:32:36.581679","1042833257","Open Nature® Snow Crab Clusters","","","","24.99","","","OPEN NATURE®","2026-09-30","2026-10-06","Meat & Seafood","http://f.wishabi.net/page_items/435051101/1790134523/extra_large.jpg"
"2026-09-30T00:32:36.581683","1042839669","Kellogg's Eggo Waffles","","","","2.49","","","Kellogg's","2026-09-30","2026-10-06","Frozen","http://f.wishabi.net/page_items/435051257/1790134529/extra_large.jpg"
"2026-09-30T00:32:36.581685","1042833230","Jack Daniel's","","","","16.99","","","Jack Daniel's","2026-09-30","2026-10-06","Beverages","http://f.wishabi.net/page_items/435051093/1790134516/extra_large.jpg"
"2026-09-30T00:32:36.581762","1042838780","Cascade ActionPacs","","","","19.99","","","Cascade","2026-09-30","2026-10-06","Household","http://f.wishabi.net/page_items/435051229/1790134531/extra_large.jpg"
"2026-09-30T00:32:36.581765","1042839681","Juicy Juice","","","","3.49","","","Juicy Juice","2026-09-30","2026-10-06","Beverages","http://f.wishabi.net/page_items/435051252/1790134527/extra_large.jpg"
"2026-09-30T00:32:36.581768","1042833896","Signature SELECT® Extra Meaty Pork Loin Back Ribs","","","","4.99","","","Signature SELECT®","2026-09-30","2026-10-06","Meat & Seafood","http://f.wishabi.net/page_items/435051025/1790134528/extra_large.jpg"
"2026-09-30T00:32:36.581770","1042833298","Safeway for u","","","","","","","","2026-09-30","2026-10-06","Other","http://f.wishabi.net/page_items/435118831/1790134530/extra_large.jpg"
"2026-09-30T00:32:36.581774","1042839651","Noosa Yoghurt","","","","4.0","","","Noosa","2026-09-30","2026-10-06","Dairy & Eggs","http://f.wishabi.net/page_items/435051256/1790134529/extra_large.jpg"
"2026-09-30T00:32:36.581777","1042839900","Hershey Halloween Snack Size Bag","","","","5.99","","","Hershey's","2026-09-30","2026-10-06","Snacks","http://f.wishabi.net/page_items/435051302/1790134530/extra_large.jpg"
"2026-09-30T00:32:36.581779","1042838851","Fairlife Milk","","","","5.0","","","Fairlife","2026-10-02","2026-10-02","Dairy & Eggs","http://f.wishabi.net/page_items/435051163/1790134518/extra_large.jpg"
"2026-09-30T00:32:36.581781","1042839906","Ghirardelli Chocolate Jack O'Lanterns","","","","6.99","","","Ghirardelli","2026-09-30","2026-10-06","Snacks","http://f.wishabi.net/page_items/435051303/1790134531/extra_large.jpg"
"2026-09-30T00:32:36.581784","1042831412","Gas Rewards","","","","","","","","2026-09-30","2026-10-06","Other","http://f.wishabi.net/page_items/435118532/1790134522/extra_large.jpg"
"2026-09-30T00:32:36.581786","1042840062","Signature Care® Baby Wipes","","","","6.99","","","Signature Care®","2026-09-30","2026-10-06","Personal Care","http://f.wishabi.net/page_items/435051336/1790134555/extra_large.jpg"
"2026-09-30T00:32:36.581788","1042833264","O Organics® Eggs 18-ct. Large, Grade A. Florida's Natural Orange Juice 89-oz.","","","","5.99","","","O Organics | Florida's Natural","2026-09-30","2026-10-06","Dairy & Eggs","http://f.wishabi.net/page_items/435051103/1790134524/extra_large.jpg"
"2026-09-30T00:32:36.581790","1042833290","Cottonelle Bath Tissue 12-Mega Rolls. Viva Signature Cloth 6-Double Rolls. Scott Bath Tissue 12-Rolls.","","","","10.99","","","Cottonelle | Viva | Scott","2026-09-30","2026-10-06","Household","http://f.wishabi.net/page_items/435051107/1790134527/extra_large.jpg"
"2026-09-30T00:32:36.581793","1042833825","Garlic or Shallot","","","","1.0","","","","2026-09-30","2026-10-06","Produce","http://f.wishabi.net/page_items/435051024/1790134527/extra_large.jpg"
"2026-09-30T00:32:36.581795","1042833922","Danishes","","","","4.99","","","","2026-09-30","2026-10-06","Bakery","http://f.wishabi.net/page_items/435051032/1790134533/extra_large.jpg"
"2026-09-30T00:32:36.581800","1042838738","Propel Variety Pack","","","","14.99","","","Propel","2026-09-30","2026-12-29","Beverages","http://f.wishabi.net/page_items/435051230/1790134530/extra_large.jpg"
"2026-09-30T00:32:36.581803","1042838746","Cosmic Crisp Apples","","","","1.99","","","","2026-09-30","2026-10-06","Produce","http://f.wishabi.net/page_items/435051232/1790134531/extra_large.jpg"
"2026-09-30T00:32:36.581805","1042838808","Dreyer's","","","","5.0","","","Dreyers","2026-10-02","2026-10-02","Frozen","http://f.wishabi.net/page_items/435051155/1790134513/extra_large.jpg"
"2026-09-30T00:32:36.581807","1042838809","Aidells Gourmet Sausage 12-oz. Hillshire Farm Deli Select Lunchmeat 7 to 9-oz. Jimmy Dean Sausage Roll 16-oz.","","","","5.0","","","Aidells | Hillshire Farm | Jimmy Dean","2026-10-02","2026-10-02","Meat & Seafood","http://f.wishabi.net/page_items/435051161/1790134517/extra_large.jpg"
"2026-09-30T00:32:36.581809","1044510356","Stayfree Pads","","","","7.99","","","Stayfree","2026-09-30","2026-10-06","Personal Care","http://f.wishabi.net/page_items/435926629/1790694303/extra_large.jpg"
"2026-09-30T00:32:36.581811","1044510418","Febreze Bathroom Air Freshener","","","","4.99","","","Febreze","2026-09-30","2026-10-06","Household","http://f.wishabi.net/page_items/435926647/1790694316/extra_large.jpg"
"2026-09-30T00:32:36.581813","1042839987","Betty Crocker Cake Décor","","","","","","","Betty Crocker","2026-09-30","2026-10-13","Pantry","http://f.wishabi.net/page_items/435051320/1790134544/extra_large.jpg"
"2026-09-30T00:32:36.581815","1042839990","Harvest Candle","","","","","","","","2026-09-30","2026-10-06","Household","http://f.wishabi.net/page_items/435051322/1790134545/extra_large.jpg"
"2026-09-30T00:32:36.581819","1042840015","Nature Made Vitamins or Supplements","","","","","","","Nature Made","2026-09-30","2026-10-06","Health & Wellness","http://f.wishabi.net/page_items/435051326/1790134548/extra_large.jpg"
"2026-09-30T00:32:36.581822","1044510333","L'Oréal EverPure Shampoo or Conditioner","","","","9.99","","","L'Oréal","2026-09-30","2026-10-13","Personal Care","http://f.wishabi.net/page_items/435926621/1790694296/extra_large.jpg"
"2026-09-30T00:32:36.581826","1044510338","CLIF Bars","","","","6.99","","","Clif Bar","2026-09-30","2026-10-06","Snacks","http://f.wishabi.net/page_items/435926623/1790694298/extra_large.jpg"
"2026-09-30T00:32:36.581828","1044510350","Lysol Air Sanitizer Spray","","","","9.49","","","Lysol","2026-09-30","2026-10-13","Household","http://f.wishabi.net/page_items/435926628/1790694302/extra_large.jpg"
"2026-09-30T00:32:36.581830","1044510373","Listerine Mouthwash","","","","7.99","","","Listerine","2026-09-30","2026-10-06","Personal Care","http://f.wishabi.net/page_items/435926634/1790694307/extra_large.jpg"
"2026-09-30T00:32:36.581832","1044510403","Oral-B Manual Toothbrush","","","","5.0","","","Oral-B","2026-09-30","2026-10-06","Personal Care","http://f.wishabi.net/page_items/435926643/1790694313/extra_large.jpg"
"2026-09-30T00:32:36.581834","1044510422","Fabuloso Multi-Purpose Cleaner","","","","5.99","","","Fabuloso","2026-09-30","2026-10-06","Household","http://f.wishabi.net/page_items/435926648/1790694317/extra_large.jpg"
"2026-09-30T00:32:36.581836","1044510441","TRESemmé Hair Care","","","","8.99","","","TRESemmé","2026-09-30","2026-10-13","Personal Care","http://f.wishabi.net/page_items/435926653/1790694321/extra_large.jpg"
"2026-09-30T00:32:36.581840","1042831363","Chobani Greek or Zero Sugar Yogurt 4-pack, 5.3-oz. Coffee mate Creamer 28 to 32-oz.","","","","2.99","","","Chobani | Coffee mate","2026-09-30","2026-10-06","Dairy & Eggs","http://f.wishabi.net/page_items/435050908/1790134511/extra_large.jpg"
"2026-09-30T00:32:36.581842","1042831417","Stock up","","","","","","","","2026-09-30","2026-10-06","Other","http://f.wishabi.net/page_items/435050923/1790134525/extra_large.jpg"
"2026-09-30T00:32:36.581845","1042833197","Hidden Valley Ranch Dressing","","","","3.49","","","Hidden Valley","2026-09-30","2026-10-06","Pantry","http://f.wishabi.net/page_items/435051086/1790134511/extra_large.jpg"
"2026-09-30T00:32:36.581847","1042839616","Smithfield","","","","","","","Smithfield","2026-09-30","2026-10-06","Meat & Seafood","http://f.wishabi.net/page_items/435051244/1790134521/extra_large.jpg"
"2026-09-30T00:32:36.581850","1044510339","Vicks DayQuil or NyQuil","","","","27.99","","","Vicks","2026-09-30","2026-10-13","Health & Wellness","http://f.wishabi.net/page_items/435926624/1790694299/extra_large.jpg"
"2026-09-30T00:32:36.581853","1042833208","Jimmy Dean Breakfast Bowl","","","","3.49","","","Jimmy Dean","2026-09-30","2026-10-06","Frozen","http://f.wishabi.net/page_items/435051089/1790134513/extra_large.jpg"
"2026-09-30T00:32:36.581855","1042833249","Kraft Mayonnaise 22 or 30-oz. Selected varieties. Heinz Easy Squeeze Ketchup 32-oz.","","","","3.49","","","Kraft | Heinz","2026-09-30","2026-10-06","Pantry","http://f.wishabi.net/page_items/435051098/1790134520/extra_large.jpg"
"2026-09-30T00:32:36.581857","1042833254","Oscar Mayer Bacon","","","","6.99","","","Oscar Mayer","2026-09-30","2026-10-06","Meat & Seafood","http://f.wishabi.net/page_items/435051099/1790134521/extra_large.jpg"
"2026-09-30T00:32:36.581859","1042833268","La Marca Prosecco","","","","13.99","","","La Marca","2026-09-30","2026-10-06","Beverages","http://f.wishabi.net/page_items/435051104/1790134525/extra_large.jpg"
"2026-09-30T00:32:36.581861","1042833905","Large Cooked Shrimp","","","","8.99","","","","2026-09-30","2026-10-06","Meat & Seafood","http://f.wishabi.net/page_items/435051031/1790134532/extra_large.jpg"
"2026-09-30T00:32:36.581863","1042833938","Fragrant Rose Bouquet","","","","21.99","","","","2026-09-30","2026-10-06","Floral","http://f.wishabi.net/page_items/435051037/1790134537/extra_large.jpg"
"2026-09-30T00:32:36.581866","1042833215","Hot Pockets, 17 to 18-oz. Breakfast Croissant, 17-oz.","","","","4.99","","","Hot Pockets","2026-09-30","2026-10-06","Frozen","http://f.wishabi.net/page_items/435051090/1790134514/extra_large.jpg"
"2026-09-30T00:32:36.581868","1042833793","Litehouse Family Size Dressing","","","","5.99","","","Litehouse","2026-09-30","2026-12-29","Produce","http://f.wishabi.net/page_items/435051003/1790134511/extra_large.jpg"
"2026-09-30T00:32:36.581870","1042833857","Gorton's Seafood Selections","","","","","","","Gorton's","2026-09-30","2026-10-06","Frozen","http://f.wishabi.net/page_items/435051013/1790134519/extra_large.jpg"
"2026-09-30T00:32:36.581874","1042833935","Primo Taglio® Turkey Breast","","","","9.99","","","Primo Taglio®","2026-09-30","2026-10-06","Deli & Prepared Foods","http://f.wishabi.net/page_items/435051028/1790134530/extra_large.jpg"
"2026-09-30T00:32:36.581876","1042838747","Frito-Lay Party Size! Potato Chips","","","","4.99","","","Frito-Lay","2026-09-30","2026-12-29","Snacks","http://f.wishabi.net/page_items/435051231/1790134530/extra_large.jpg"
"2026-09-30T00:32:36.581884","1042833863","Overjoyed™ Boutique Petals of the Month","","","","16.99","","","","2026-09-30","2026-10-06","Floral","http://f.wishabi.net/page_items/435051022/1790134525/extra_large.jpg"
"2026-09-30T00:32:36.581886","1042833877","Signature SELECT® Six Layer Dip","","","","6.99","","","Signature SELECT","2026-09-30","2026-12-29","Deli & Prepared Foods","http://f.wishabi.net/page_items/435051000/1790134509/extra_large.jpg"
"2026-09-30T00:32:36.581888","1042839984","GoodCook Everyday Sauté Pans","","","","","","","Good Cook","2026-09-30","2026-10-13","Household","http://f.wishabi.net/page_items/435051318/1790134542/extra_large.jpg"
"2026-09-30T00:32:36.581890","1042833207","Challenge or Danish Creamery Butter","","","","3.99","","","Challenge | Danish Creamery","2026-09-30","2026-10-06","Dairy & Eggs","http://f.wishabi.net/page_items/435051088/1790134512/extra_large.jpg"
"2026-09-30T00:32:36.581892","1042833238","Nabisco Ritz Toasted Chips 7 to 8.1-oz. Selected varieties. belVita Breakfast Biscuits 5 to 8.8-oz.","","","","2.49","","","Nabisco | belVita","2026-09-30","2026-10-06","Snacks","http://f.wishabi.net/page_items/435051096/1790134519/extra_large.jpg"
"2026-09-30T00:32:36.581894","1042833807","Three Bridges Egg Bites","","","","4.99","","","Three Bridges","2026-09-30","2026-10-06","Dairy & Eggs","http://f.wishabi.net/page_items/435051016/1790134521/extra_large.jpg"
"2026-09-30T00:32:36.581897","1042833864","Gladiolus","","","","6.99","","","","2026-09-30","2026-10-06","Floral","http://f.wishabi.net/page_items/435051011/1790134518/extra_large.jpg"
"2026-09-30T00:32:36.581899","1042833886","Smithfield Quarter Ham","","","","9.99","","","Smithfield","2026-09-30","2026-10-06","Meat & Seafood","http://f.wishabi.net/page_items/435051023/1790134526/extra_large.jpg"
"2026-09-30T00:32:36.581902","1042833890","French Bread","","","","2.99","","","","2026-09-30","2026-10-06","Bakery","http://f.wishabi.net/page_items/435051014/1790134520/extra_large.jpg"
"2026-09-30T00:32:36.581905","1042838908","Pepsi 6-pack, 16.9-oz. bottles. AriZona Tea 128-oz.","","","","5.0","","","Pepsi | AriZona","2026-10-02","2026-10-02","Beverages","http://f.wishabi.net/page_items/435051381/1790134533/extra_large.jpg"
"2026-09-30T00:32:36.581907","1042839868","gomacro Bar","","","","5.0","","","GoMacro","2026-09-30","2026-10-13","Snacks","http://f.wishabi.net/page_items/435051295/1790134525/extra_large.jpg"
"2026-09-30T00:32:36.581909","1042839907","Scarecrow Porch Greeter","","","","","","","","2026-09-30","2026-10-06","Other","http://f.wishabi.net/page_items/435051304/1790134532/extra_large.jpg"
"2026-09-30T00:32:36.581911","1042839919","Optimum Nutrition Protien Powder","","","","40.99","","","Optimum Nutrition","2026-09-30","2026-10-06","Health & Wellness","http://f.wishabi.net/page_items/435051306/1790134533/extra_large.jpg"
"2026-09-30T00:32:36.581913","1042839979","Hershey's Candy Bar","","","","5.0","","","Hershey's","2026-09-30","2026-10-06","Snacks","http://f.wishabi.net/page_items/435051317/1790134541/extra_large.jpg"
"2026-09-30T00:32:36.581915","1042833266","Pillsbury Cinnamon Rolls, Grands! Biscuits or Crescents","","","","2.99","","","Pillsbury","2026-09-30","2026-10-06","Dairy & Eggs","http://f.wishabi.net/page_items/435051102/1790134524/extra_large.jpg"
"2026-09-30T00:32:36.581919","1042833819","Main St. Bistro Family Size Side Dish","","","","5.99","","","Main St Bistro","2026-09-30","2026-10-06","Deli & Prepared Foods","http://f.wishabi.net/page_items/435051020/1790134524/extra_large.jpg"
"2026-09-30T00:32:36.581922","1042833893","Lemon","","","","0.99","","","","2026-09-30","2026-10-06","Produce","http://f.wishabi.net/page_items/435051027/1790134529/extra_large.jpg"
"2026-09-30T00:32:36.581924","1042833234","Smartfood Popcorn 5.25 to 7-oz. Frito-Lay Baked! Chips 6.25 to 7.62-oz.","","","","2.49","","","Smartfood | Frito-Lay","2026-09-30","2026-10-06","Snacks","http://f.wishabi.net/page_items/435051094/1790134517/extra_large.jpg"
"2026-09-30T00:32:36.581928","1042833799","Autumn Crisp Green Grapes or Red Seedless Grapes","","","","2.49","","","","2026-09-30","2026-10-06","Produce","http://f.wishabi.net/page_items/435050998/1790134523/extra_large.jpg"
"2026-09-30T00:32:36.581930","1042833834","Signature SELECT® Premium Bacon","","","","5.99","","","Signature SELECT®","2026-09-30","2026-12-29","Meat & Seafood","http://f.wishabi.net/page_items/435051005/1790134513/extra_large.jpg"
"2026-09-30T00:32:36.581932","1042833862","Fresh Petrale Sole Fillet","","","","10.99","","","","2026-09-30","2026-10-06","Meat & Seafood","http://f.wishabi.net/page_items/435051017/1790134522/extra_large.jpg"
"2026-09-30T00:32:36.581934","1042838754","Sonoma-Cutrer, La Crema Pinot Noir Sonoma or Decoy Reds","","","","19.99","","","Sonoma-Cutrer | La Crema | Decoy","2026-09-30","2026-10-06","Beverages","http://f.wishabi.net/page_items/435051236/1790134534/extra_large.jpg"
"2026-09-30T00:32:36.581936","1042838763","White Claw or Blue Moon 12-pack, 12-oz. Pabst 30-pack, 12-oz.","","","","19.99","","","White Claw | Blue Moon | Pabst","2026-09-30","2026-10-06","Beverages","http://f.wishabi.net/page_items/435051239/1790134536/extra_large.jpg"
"2026-09-30T00:32:36.581938","1042838824","Charmin Bath Tissue 9-Mega XXL or 12-Mega XL Rolls. Bounty Paper Towels 6-Triple Rolls. Selected varieties.","","","","19.99","","","Charmin | Bounty","2026-09-30","2026-10-06","Household","http://f.wishabi.net/page_items/435051167/1790134521/extra_large.jpg"
"2026-09-30T00:32:36.581940","1042838891","Kraft Salad Dressing","","","","4.0","","","Kraft","2026-09-30","2026-10-06","Pantry","http://f.wishabi.net/page_items/435051172/1790134525/extra_large.jpg"
"2026-09-30T00:32:36.581943","1042833258","Arrowhead Spring Water","","","","3.49","","","Arrowhead","2026-09-30","2026-10-06","Beverages","http://f.wishabi.net/page_items/435051100/1790134522/extra_large.jpg"
"2026-09-30T00:32:36.581945","1042838881","Fresh Sushi","","","","5.0","","","","2026-10-02","2026-10-02","Deli & Prepared Foods","http://f.wishabi.net/page_items/435051164/1790134519/extra_large.jpg"
"2026-09-30T00:32:36.581949","1042839611","Nescafé Coffee or Espresso Concentrate","","","","9.99","","","Nescafe","2026-09-30","2026-10-06","Beverages","http://f.wishabi.net/page_items/435051243/1790134520/extra_large.jpg"
"2026-09-30T00:32:36.581953","1042839645","Update Energy","","","","4.0","","","Update","2026-09-30","2026-10-06","Health & Wellness","http://f.wishabi.net/page_items/435051250/1790134526/extra_large.jpg"
"2026-09-30T00:32:36.581955","1042838828","Hass Avocado","","","","5.0","","","","2026-10-02","2026-10-02","Produce","http://f.wishabi.net/page_items/435051173/1790134526/extra_large.jpg"
"2026-09-30T00:32:36.581957","1042838849","Halo Top Ice Cream","","","","3.99","","","Halo Top","2026-09-30","2026-10-06","Frozen","http://f.wishabi.net/page_items/435051160/1790134516/extra_large.jpg"
"2026-09-30T00:32:36.581961","1042838918","BUBBL`R","","","","5.99","","","Bubbl'r","2026-09-30","2026-10-06","Beverages","http://f.wishabi.net/page_items/435051383/1790134534/extra_large.jpg"
"2026-09-30T00:32:36.581963","1042839650","Frito-Lay Flavor Mix","","","","","","","Frito-Lay","2026-09-30","2026-10-06","Snacks","http://f.wishabi.net/page_items/435051253/1790134528/extra_large.jpg"
"2026-09-30T00:32:36.581965","1042839940","Ferrero Assorted Halloween Bag","","","","9.99","","","Ferrero","2026-09-30","2026-10-06","Snacks","http://f.wishabi.net/page_items/435051310/1790134536/extra_large.jpg"
"2026-09-30T00:32:36.581967","1042839954","GoodCook Gadgets","","","","","","","Good Cook","2026-09-30","2026-10-13","Household","http://f.wishabi.net/page_items/435051313/1790134539/extra_large.jpg"
"2026-09-30T00:32:36.581969","1042838923","Ghost 16-oz. La Colombe Coffee 11-oz. Snapple Iced Tea 64-oz.","","","","5.0","","","Ghost | La Colombe | Snapple","2026-09-30","2026-10-06","Beverages","http://f.wishabi.net/page_items/435051382/1790134533/extra_large.jpg"
"2026-09-30T00:32:36.581971","1042839640","Fresh Express Family Size Shreds","","","","2.99","","","Fresh Express","2026-09-30","2026-10-06","Produce","http://f.wishabi.net/page_items/435051249/1790134525/extra_large.jpg"
"2026-09-30T00:32:36.581973","1042839952","Rubbermaid TakeAlongs Food Storage","","","","5.99","","","Rubbermaid","2026-09-30","2026-10-13","Household","http://f.wishabi.net/page_items/435051312/1790134538/extra_large.jpg"
"2026-09-30T00:32:36.581977","1042839986","GoodCook Healthy Ceramic Cookware Set","","","","","","","Good Cook","2026-09-30","2026-10-13","Household","http://f.wishabi.net/page_items/435051319/1790134543/extra_large.jpg"
"2026-09-30T00:32:36.581979","1042840017","Halloween Inflatables","","","","","","","","2026-09-30","2026-10-06","Household","http://f.wishabi.net/page_items/435051324/1790134547/extra_large.jpg"
"2026-09-30T00:32:36.581982","1042840049","Albanese Gummies","","","","5.0","","","Albanese","2026-09-30","2026-10-06","Snacks","http://f.wishabi.net/page_items/435051334/1790134554/extra_large.jpg"
"2026-09-30T00:32:36.581984","1042839991","Aveeno Baby Care","","","","7.99","","","AVEENO | PANOXYL","2026-09-30","2026-10-13","Personal Care","http://f.wishabi.net/page_items/435051321/1790134545/extra_large.jpg"
"2026-09-30T00:32:36.581986","1042840022","Gerber Non-Organic Food Pouch","","","","5.0","","","Gerber","2026-09-30","2026-10-06","Pantry","http://f.wishabi.net/page_items/435051328/1790134549/extra_large.jpg"
"2026-09-30T00:32:36.581988","1042840024","Energizer Batteries","","","","13.99","","","Energizer","2026-09-30","2026-10-06","Household","http://f.wishabi.net/page_items/435051327/1790134549/extra_large.jpg"
"2026-09-30T00:32:36.581990","1044510360","L' Oréal Elvive","","","","6.99","","","L'Oréal","2026-09-30","2026-10-06","Personal Care","http://f.wishabi.net/page_items/435926630/1790694304/extra_large.jpg"
"2026-09-30T00:32:36.581992","1044510432","Dove Body Wash","","","","10.99","","","Dove","2026-09-30","2026-10-13","Personal Care","http://f.wishabi.net/page_items/435926650/1790694319/extra_large.jpg"
"2026-09-30T00:32:36.581995","1044510447","Groceries","","","","","","","","2026-09-30","2026-10-06","Other","http://f.wishabi.net/page_items/435926656/1790694323/extra_large.jpg"
"2026-09-30T00:32:36.581998","1042840028","Happy Baby Stage 2 Pouch","","","","1.99","","","Happy Baby","2026-09-30","2026-10-13","Pantry","http://f.wishabi.net/page_items/435051329/1790134550/extra_large.jpg"
"2026-09-30T00:32:36.582002","1042840081","Pampers Super Diapers","","","","27.99","","","Pampers","2026-09-30","2026-10-13","Personal Care","http://f.wishabi.net/page_items/435051332/1790134552/extra_large.jpg"
"2026-09-30T00:32:36.582004","1042840080","Pharmacy","","","","","","","","2026-09-30","2026-10-06","Health & Wellness","http://f.wishabi.net/page_items/435118891/1790134557/extra_large.jpg"
"2026-09-30T00:32:36.582007","1044510364","Dove Shampoo or Conditioner","","","","6.99","","","Dove","2026-09-30","2026-10-06","Personal Care","http://f.wishabi.net/page_items/435926631/1790694305/extra_large.jpg"
"2026-09-30T00:32:36.582009","1044510346","Herbal Essences Pump or Head & Shoulders Men's Shampoo","","","","12.99","","","Herbal Essences | Head & Shoulders","2026-09-30","2026-10-13","Personal Care","http://f.wishabi.net/page_items/435926627/1790694301/extra_large.jpg"
"2026-09-30T00:32:36.582011","1044510398","TRESemmé Shampoo or Conditioner","","","","7.99","","","TRESemmé","2026-09-30","2026-10-13","Personal Care","http://f.wishabi.net/page_items/435926642/1790694312/extra_large.jpg"
"2026-09-30T00:32:36.582013","1044510383","Crest Toothpaste","","","","5.0","","","Crest","2026-09-30","2026-10-06","Personal Care","http://f.wishabi.net/page_items/435926638/1790694309/extra_large.jpg"
"2026-09-30T00:32:36.582015","1044510366","Gold Bond Hand Cream","","","","4.99","","","Gold Bond","2026-09-30","2026-10-06","Personal Care","http://f.wishabi.net/page_items/435926632/1790694305/extra_large.jpg"
"2026-09-30T00:32:36.582017","1044510376","o.b. Tampons","","","","8.99","","","","2026-09-30","2026-10-06","Personal Care","http://f.wishabi.net/page_items/435926636/1790694308/extra_large.jpg"
"2026-09-30T00:32:36.582020","1044510428","Air Wick Scented Oil Refills or Essential Oils Kit","","","","8.99","","","Air Wick","2026-09-30","2026-10-06","Household","http://f.wishabi.net/page_items/435926649/1790694318/extra_large.jpg"
"2026-09-30T00:32:36.582023","1044510343","Jergens Lotion","","","","8.99","","","Jergens","2026-09-30","2026-10-13","Personal Care","http://f.wishabi.net/page_items/435926626/1790694301/extra_large.jpg"
"2026-09-30T00:32:36.582028","1044510391","Dove Deodorant","","","","6.99","","","Dove","2026-09-30","2026-10-06","Personal Care","http://f.wishabi.net/page_items/435926640/1790694311/extra_large.jpg"
"2026-09-30T00:32:36.582032","1044510386","Pantene Hair Care","","","","5.99","","","Pantene","2026-09-30","2026-10-13","Personal Care","http://f.wishabi.net/page_items/435926639/1790694310/extra_large.jpg"
"2026-09-30T00:32:36.582034","1044510340","Aquaphor Healing Ointment","","","","16.99","","","Aquaphor","2026-09-30","2026-10-13","Health & Wellness","http://f.wishabi.net/page_items/435926625/1790694300/extra_large.jpg"
"2026-09-30T00:32:36.582036","1044510335","Q-Tips","","","","5.99","","","Q-tips","2026-09-30","2026-10-06","Personal Care","http://f.wishabi.net/page_items/435926622/1790694297/extra_large.jpg"
"2026-09-30T00:32:36.582038","1044510415","Dove Bar Soap","","","","13.99","","","Dove","2026-09-30","2026-10-13","Personal Care","http://f.wishabi.net/page_items/435926646/1790694315/extra_large.jpg"
"2026-09-30T00:32:36.582042","1044510411","Dove Dry Spray or Dove Men Whole Body","","","","10.99","","","Dove","2026-09-30","2026-10-13","Personal Care","http://f.wishabi.net/page_items/435926645/1790694315/extra_large.jpg"
"2026-09-30T00:32:36.582044","1044510439","TRESemmé Styling Aid","","","","14.99","","","TRESemmé","2026-09-30","2026-10-13","Personal Care","http://f.wishabi.net/page_items/435926652/1790694320/extra_large.jpg"
"2026-09-30T00:32:36.582047","1044510407","Aussie Hair Care","","","","5.99","","","Aussie","2026-09-30","2026-10-06","Personal Care","http://f.wishabi.net/page_items/435926644/1790694314/extra_large.jpg"
"2026-09-30T00:32:36.582049","1044510378","Neutrogena Makeup Remover Wipes","","","","7.99","","","Neutrogena","2026-09-30","2026-10-06","Personal Care","http://f.wishabi.net/page_items/435926637/1790694308/extra_large.jpg"
"2026-09-30T00:32:36.582051","1044510370","EOS Body Lotion","","","","10.99","","","EOS","2026-09-30","2026-10-13","Personal Care","http://f.wishabi.net/page_items/435926633/1790694306/extra_large.jpg"
"2026-09-30T00:32:36.582055","1044510394","Swiffer Sweeping Kit or Refills","","","","","","","Swiffer","2026-09-30","2026-10-13","Household","http://f.wishabi.net/page_items/435926641/1790694311/extra_large.jpg"
"2026-09-30T00:32:36.582057","1042839637","Doritos or Cheetos Minis","","","","","","","Doritos | Cheetos","2026-09-30","2026-10-06","Snacks","http://f.wishabi.net/page_items/435051248/1790134525/extra_large.jpg"
"2026-09-30T00:32:36.582059","1042838742","Cantaloupe","","","","6.0","","","","2026-09-30","2026-10-06","Produce","http://f.wishabi.net/page_items/435051233/1790134532/extra_large.jpg"
"2026-09-30T00:32:36.582061","1042804551","HOT DIGITAL COUPON forU","","","","","","","","2026-09-30","2026-10-06","Other","http://f.wishabi.net/page_items/435118887/1790134525/extra_large.jpg"
